img_name,side,lx,ly,rx,ry,mx,my
calib_cam_0_00.jpg,right,543,640,562.25,636.75,549.5,642
calib_cam_0_02.jpg,right,538.5,632,550,631.5,544.75,635.25
calib_cam_0_03.jpg,left,855,615,866,615,861,618
calib_cam_0_03.jpg,right,529,631.5,540.5,631,535,634.5
calib_cam_0_05.jpg,left,836,590,846,590,841,593
calib_cam_0_05.jpg,right,519,605,530,605.5,525,608
calib_cam_0_06.jpg,left,827,591,838,592,833,594.5
calib_cam_0_06.jpg,right,510,609,521,609.5,516,612
calib_cam_0_06.jpg,right,510,609,522.5,614,517.5,616
calib_cam_0_06.jpg,right,516,612,522.5,614,517.5,616
calib_cam_0_07.jpg,left,817,610.5,829,612,823.5,614
calib_cam_0_11.jpg,right,489.5,621.5,502.5,620,497,624
calib_cam_0_12.jpg,left,803.5,602,815,602,810,604.5
calib_cam_0_12.jpg,left,784.25,613.25,795,610.5,789,613.5
calib_cam_0_12.jpg,right,485,623.5,497,622.5,491.5,625.5
calib_cam_0_13.jpg,left,799,603,809,602.5,804,605
calib_cam_0_13.jpg,right,479.5,623,490,623,485,626
calib_cam_0_14.jpg,left,785,602.5,796,603,791,605.5
calib_cam_0_14.jpg,right,466,624.5,477,625,472,627.5
calib_cam_0_16.jpg,left,813,598,824,598,819,600.5
calib_cam_0_16.jpg,right,493.5,622,504,622,499,624.5
calib_cam_0_17.jpg,left,809,601,821,602.5,815,604.5
calib_cam_0_17.jpg,right,489,625.5,501,626,495,629
calib_cam_0_20.jpg,right,518,633,532.5,632,526.5,635.5
calib_cam_0_21.jpg,right,517.5,633.5,531,632.5,525.5,636
calib_cam_0_21.jpg,right,513,635.5,531,632.5,525.5,636
calib_cam_0_22.jpg,left,834,611.5,846,611,840,614
calib_cam_0_22.jpg,right,510,633.5,521,633.5,516,636
calib_cam_0_23.jpg,left,827,612,837.5,612,832,614.5
calib_cam_0_23.jpg,right,502,634,513,634.5,508,637
calib_cam_0_24.jpg,right,486,602.5,497,603,492,605
calib_cam_0_25.jpg,left,795,586,805.5,586,800,588.5
calib_cam_0_25.jpg,right,473,608.5,483.5,609,479,611
calib_cam_0_26.jpg,left,781,587,792,587.5,786.5,590
calib_cam_0_26.jpg,right,459.5,612,471,612.5,465.5,615
calib_cam_0_27.jpg,left,775,590,789,591,781.5,593
calib_cam_0_27.jpg,right,454,615.5,467,615.5,461.75,618.25
calib_cam_0_29.jpg,right,500.5,619.5,516,620,510,622.5
calib_cam_0_30.jpg,left,802.5,602,815,601,809,606
calib_cam_0_31.jpg,left,801,599,813,599,807,602
calib_cam_0_31.jpg,right,478,623.5,489,624,484,626
calib_cam_0_32.jpg,left,791,600,802,600,797,602.5
calib_cam_0_32.jpg,right,468,626,479,626,474,628.5
calib_cam_0_34.jpg,left,776,601.5,787,601.5,782,604
calib_cam_0_34.jpg,right,453,628.5,464,629,459,631
calib_cam_0_35.jpg,left,768,601,779,601,773.5,603
calib_cam_0_35.jpg,right,444.5,629,456,629,450.75,631.25
calib_cam_0_36.jpg,left,756,603,769,603,762,605.5
calib_cam_0_36.jpg,right,447,633,460,633,456,637
calib_cam_0_36.jpg,right,440.5,636,460,633,456,637
calib_cam_0_39.jpg,right,494,644,506,645,500.5,647
calib_cam_0_42.jpg,left,798,621,809,621.5,804,624
calib_cam_0_44.jpg,left,781,621,792,621.5,786.5,624
calib_cam_0_45.jpg,left,760,622,773.5,622,766.5,625
calib_cam_0_45.jpg,right,459.75,654.25,473,652,466,655
calib_cam_0_46.jpg,left,749,626,765,626,757,628.5
calib_cam_1_00.jpg,left,599,584.5,609.75,581.25,605,585.5
calib_cam_1_00.jpg,right,366.5,667.5,376.5,663.5,372.5,668.5
calib_cam_1_01.jpg,left,597,585,606.75,582.25,602.25,586.75
calib_cam_1_02.jpg,left,575.75,590.25,586.5,587.5,581.75,591.75
calib_cam_1_03.jpg,left,564.5,593,576,590.5,571,595
calib_cam_1_03.jpg,left,564.5,593,579.5,595,571,595
calib_cam_1_10.jpg,left,553.75,586.75,564,583.5,559.5,588
calib_cam_1_10.jpg,right,354,671.5,363.5,668.5,359.5,672.5
calib_cam_1_11.jpg,left,551.75,586.25,561.75,583.25,557.5,587.5
calib_cam_1_11.jpg,right,352,671,361,668,357.5,672
calib_cam_1_12.jpg,left,542.5,588.5,552.25,585.75,548.5,590
calib_cam_1_12.jpg,right,345,674.5,354,672.5,350.75,676.25
calib_cam_1_13.jpg,left,532,591.5,542.5,589.5,538,593.5
calib_cam_1_13.jpg,right,336,677.5,345.75,675.25,342,679
calib_cam_1_14.jpg,left,519.5,595.5,531,593.5,526.5,597.5
calib_cam_1_14.jpg,left,519.5,595.5,535,596,526.5,597.5
calib_cam_1_14.jpg,right,326,681.5,339,681,332.5,683.5
calib_cam_1_20.jpg,left,554.5,590.5,564.5,588,560.5,592
calib_cam_1_20.jpg,right,335.75,680.25,345,677.5,341.25,681.75
calib_cam_1_21.jpg,left,554,591.5,564,588.5,559.5,592.5
calib_cam_1_21.jpg,right,335,680.5,344.5,678.5,340.75,682.25
calib_cam_1_22.jpg,left,541.5,594,551.5,591.5,547,595.5
calib_cam_1_22.jpg,right,325,684,334.25,681.75,330.5,685.5
calib_cam_1_23.jpg,left,532.25,596.75,542.5,594.5,538.5,598.5
calib_cam_1_23.jpg,right,318.5,686.5,328.5,684.5,324.5,688
calib_cam_1_24.jpg,left,527,568.5,538.25,566.75,533.25,570.75
calib_cam_1_24.jpg,right,324.5,657,335.75,655.25,330.75,658.75
calib_cam_1_25.jpg,left,508.75,577.25,524,575,516.75,579.25
calib_cam_1_25.jpg,right,310,666.5,322,664,317,668
calib_cam_1_29.jpg,left,529.5,583.5,539.75,580.75,535.75,584.75
calib_cam_1_29.jpg,right,320.5,671.5,330.25,669.75,326.5,673
calib_cam_1_30.jpg,left,518.5,588,529,585.5,524.5,589.5
calib_cam_1_30.jpg,right,311.75,677.25,321,674.5,317,678.5
calib_cam_1_31.jpg,left,501.5,590.5,511.5,587.5,507.25,591.75
calib_cam_1_31.jpg,right,299,681.5,308.5,679,304.5,682.5
calib_cam_1_32.jpg,left,491.75,593.75,502,591.5,497.75,595.25
calib_cam_1_32.jpg,right,292,685.5,302,683.5,297.75,686.75
calib_cam_1_33.jpg,left,484,595.5,494.5,592.5,489.75,596.75
calib_cam_1_33.jpg,right,286.75,687.25,297,684.5,292.5,688.5
calib_cam_1_34.jpg,left,477,599,489.75,596.25,483.5,600.5
calib_cam_1_34.jpg,right,282,691,294.5,688,288.75,692.25
calib_cam_1_34.jpg,right,282,691,298,688,288.75,692.25
calib_cam_1_38.jpg,left,505,609.5,515,606.5,511,610.5
calib_cam_1_38.jpg,right,299,698,308.5,696.5,304.5,700
calib_cam_1_39.jpg,left,503,610,513.5,607.5,509,611.5
calib_cam_1_39.jpg,right,297,699.5,307,697.5,302.5,701
calib_cam_1_41.jpg,right,282,707.5,292,705.5,287.75,709.25
calib_cam_1_42.jpg,left,480.5,616,491,613,486.5,617.5
calib_cam_1_42.jpg,right,282.5,707.5,292.5,704.5,288,708.5
calib_cam_1_43.jpg,right,279.75,709.75,293,706,286.5,710.5
calib_cam_1_44.jpg,right,276.75,711.75,286,707,284.5,712.5
